﻿Designator,Quantity,Value,Footprint,Package,MPN,DNP,Mount_Type,Description,MF,Description_1,Price,Check_prices,STANDARD,PARTREV,SnapEDA_Link,MP,Availability,MANUFACTURER
J1,1,Conn_01x04_Pin,PinSocket_1x04_P2.54mm_Vertical,,,,tht,"Generic connector, single row, 01x04, script generated",,,,,,,,,,
"J2, J3, J4",3,BK-870,MPD_BK-870,None,,,smt,,MPD (Memory Protection Devices),"
                        
                            Battery Retainer Coin, 10.0mm 1 Cell SMD (SMT) Tab
                        
",None,https://www.snapeda.com/parts/BK-870-TR/MPD/view-part/?ref=eda,Manufacturer Recommendation,D,https://www.snapeda.com/parts/BK-870-TR/MPD/view-part/?ref=snap,BK-870-TR,In Stock,MPD
